{
  "id": "dndbeyond-importer",
  "title": "D&D Beyond Content Importer",
  "description": "Import your D&D Beyond content into Foundry VTT using Cobalt cookies for authentication",
  "version": "0.1.0",
  "compatibility": {
    "minimum": "10",
    "verified": "12",
    "maximum": "12"
  },
  "authors": [
    {
      "name": "Stanislav Fatkhutdinov",
      "url": "https://github.com/sfatkhutdinov"
    }
  ],
  "scripts": [
    "scripts/dndbeyond-importer.js",
    "scripts/auth.js",
    "scripts/importer.js"
  ],
  "esmodules": [
    "scripts/index.js"
  ],
  "styles": [
    "styles/dndbeyond-importer.css"
  ],
  "packs": [],
  "languages": [
    {
      "lang": "en",
      "name": "English",
      "path": "languages/en.json"
    }
  ],
  "url": "https://github.com/sfatkhutdinov/foundry-extension",
  "manifest": "https://raw.githubusercontent.com/sfatkhutdinov/foundry-extension/main/module.json",
  "download": "https://github.com/sfatkhutdinov/foundry-extension/archive/refs/tags/v0.1.0.zip",
  "license": "MIT",
  "readme": "README.md",
  "bugs": "https://github.com/sfatkhutdinov/foundry-extension/issues",
  "socket": false,
  "relationships": {
    "requires": []
  }
} 